{"version":3,"deployment":{"manifest":{"time":"2024-12-01T19:42:31.2370124+01:00","magic":"5940908c784973c8e9a8f9ffdbf0d10a972e797fd0908c14755c86dc57110583","version":"v3.142.0"},"secrets_providers":{"type":"service","state":{"url":"https://api.pulumi.com","owner":"Csisko3","project":"A10_Identity","stack":"dev"}},"resources":[{"urn":"urn:pulumi:dev::A10_Identity::pulumi:pulumi:Stack::A10_Identity-dev","custom":false,"type":"pulumi:pulumi:Stack","outputs":{"available_roles":[{"roleDefinitionId":"/subscriptions/c96c9bcd-9264-4416-8813-4819a41ef77e/providers/Microsoft.Authorization/roleDefinitions/8311e382-0749-4cb8-b61a-304f252e45ec","roleName":"AcrPush"},{"roleDefinitionId":"/subscriptions/c96c9bcd-9264-4416-8813-4819a41ef77e/providers/Microsoft.Authorization/roleDefinitions/312a565d-c81f-4fd8-895a-4e21e48d571c","roleName":"API Management Service Contributor"},{"roleDefinitionId":"/subscriptions/c96c9bcd-9264-4416-8813-4819a41ef77e/providers/Microsoft.Authorization/roleDefinitions/7f951dda-4ed3-4680-a7ca-43fe172d538d","roleName":"AcrPull"},{"roleDefinitionId":"/subscriptions/c96c9bcd-9264-4416-8813-4819a41ef77e/providers/Microsoft.Authorization/roleDefinitions/6cef56e8-d556-48e5-a04f-b8e64114680f","roleName":"AcrImageSigner"},{"roleDefinitionId":"/subscriptions/c96c9bcd-9264-4416-8813-4819a41ef77e/providers/Microsoft.Authorization/roleDefinitions/c2f4ef07-c644-48eb-af81-4b1b4947fb11","roleName":"AcrDelete"},{"roleDefinitionId":"/subscriptions/c96c9bcd-9264-4416-8813-4819a41ef77e/providers/Microsoft.Authorization/roleDefinitions/cdda3590-29a3-44f6-95f2-9f980659eb04","roleName":"AcrQuarantineReader"},{"roleDefinitionId":"/subscriptions/c96c9bcd-9264-4416-8813-4819a41ef77e/providers/Microsoft.Authorization/roleDefinitions/c8d4ff99-41c3-41a8-9f60-21dfdad59608","roleName":"AcrQuarantineWriter"},{"roleDefinitionId":"/subscriptions/c96c9bcd-9264-4416-8813-4819a41ef77e/providers/Microsoft.Authorization/roleDefinitions/e022efe7-f5ba-4159-bbe4-b44f577e9b61","roleName":"API Management Service Operator Role"},{"roleDefinitionId":"/subscriptions/c96c9bcd-9264-4416-8813-4819a41ef77e/providers/Microsoft.Authorization/roleDefinitions/71522526-b88f-4d52-b57f-d31fc3546d0d","roleName":"API Management Service Reader Role"},{"roleDefinitionId":"/subscriptions/c96c9bcd-9264-4416-8813-4819a41ef77e/providers/Microsoft.Authorization/roleDefinitions/ae349356-3a1b-4a5e-921d-050484c6347e","roleName":"Application Insights Component Contributor"},{"roleDefinitionId":"/subscriptions/c96c9bcd-9264-4416-8813-4819a41ef77e/providers/Microsoft.Authorization/roleDefinitions/08954f03-6346-4c2e-81c0-ec3a5cfae23b","roleName":"Application Insights Snapshot Debugger"},{"roleDefinitionId":"/subscriptions/c96c9bcd-9264-4416-8813-4819a41ef77e/providers/Microsoft.Authorization/roleDefinitions/fd1bd22b-8476-40bc-a0bc-69b95687b9f3","roleName":"Attestation Reader"},{"roleDefinitionId":"/subscriptions/c96c9bcd-9264-4416-8813-4819a41ef77e/providers/Microsoft.Authorization/roleDefinitions/4fe576fe-1146-4730-92eb-48519fa6bf9f","roleName":"Automation Job Operator"},{"roleDefinitionId":"/subscriptions/c96c9bcd-9264-4416-8813-4819a41ef77e/providers/Microsoft.Authorization/roleDefinitions/5fb5aef8-1081-4b8e-bb16-9d5d0385bab5","roleName":"Automation Runbook Operator"},{"roleDefinitionId":"/subscriptions/c96c9bcd-9264-4416-8813-4819a41ef77e/providers/Microsoft.Authorization/roleDefinitions/d3881f73-407a-4167-8283-e981cbba0404","roleName":"Automation Operator"},{"roleDefinitionId":"/subscriptions/c96c9bcd-9264-4416-8813-4819a41ef77e/providers/Microsoft.Authorization/roleDefinitions/4f8fab4f-1852-4a58-a46a-8eaf358af14a","roleName":"Avere Contributor"},{"roleDefinitionId":"/subscriptions/c96c9bcd-9264-4416-8813-4819a41ef77e/providers/Microsoft.Authorization/roleDefinitions/c025889f-8102-4ebf-b32c-fc0c6f0c6bd9","roleName":"Avere Operator"},{"roleDefinitionId":"/subscriptions/c96c9bcd-9264-4416-8813-4819a41ef77e/providers/Microsoft.Authorization/roleDefinitions/0ab0b1a8-8aac-4efd-b8c2-3ee1fb270be8","roleName":"Azure Kubernetes Service Cluster Admin Role"},{"roleDefinitionId":"/subscriptions/c96c9bcd-9264-4416-8813-4819a41ef77e/providers/Microsoft.Authorization/roleDefinitions/4abbcc35-e782-43d8-92c5-2d3f1bd2253f","roleName":"Azure Kubernetes Service Cluster User Role"},{"roleDefinitionId":"/subscriptions/c96c9bcd-9264-4416-8813-4819a41ef77e/providers/Microsoft.Authorization/roleDefinitions/423170ca-a8f6-4b0f-8487-9e4eb8f49bfa","roleName":"Azure Maps Data Reader"}],"role_assignment":{"assignee":"wi22b003@technikum-wien.at","roleName":"Reader","scope":"/subscriptions/c96c9bcd-9264-4416-8813-4819a41ef77e/resourceGroups/rg_a10a3cee9d4"}},"created":"2024-12-01T15:25:38.2167648Z","modified":"2024-12-01T15:25:38.2167648Z"},{"urn":"urn:pulumi:dev::A10_Identity::pulumi:providers:azure-native::default_2_74_0","custom":true,"id":"356084d0-5e65-42b4-acc2-a1a69d0235b2","type":"pulumi:providers:azure-native","inputs":{"__internal":{},"location":"westeurope","version":"2.74.0"},"outputs":{"location":"westeurope","version":"2.74.0"},"created":"2024-12-01T16:41:13.8965046Z","modified":"2024-12-01T16:41:13.8965046Z"},{"urn":"urn:pulumi:dev::A10_Identity::azure-native:resources:ResourceGroup::rg_a10","custom":true,"id":"/subscriptions/c96c9bcd-9264-4416-8813-4819a41ef77e/resourceGroups/rg_a10a3cee9d4","type":"azure-native:resources:ResourceGroup","inputs":{"__createBeforeDelete":true,"location":"westeurope","resourceGroupName":"rg_a10a3cee9d4"},"outputs":{"__inputs":{"4dabf18193072939515e22adb298388d":"1b47061264138c4ac30d75fd1eb44270","ciphertext":"AAABADGXR0PM3J7l9SdBtDB95JVHKCbQM+Icst8pj4RhBP/IvuIWukeazA+hi6PxS6fX69L+HqEAAelrux5slghQ5HL3UTKNkntXpBW1LFjasYCIu2jY8RzcqS/FH/iFV2DG7ea0ISm+uAXbMnFF+LqjIga0ahTEy6w="},"id":"/subscriptions/c96c9bcd-9264-4416-8813-4819a41ef77e/resourceGroups/rg_a10a3cee9d4","location":"westeurope","name":"rg_a10a3cee9d4","properties":{"provisioningState":"Succeeded"},"type":"Microsoft.Resources/resourceGroups"},"parent":"urn:pulumi:dev::A10_Identity::pulumi:pulumi:Stack::A10_Identity-dev","provider":"urn:pulumi:dev::A10_Identity::pulumi:providers:azure-native::default_2_74_0::356084d0-5e65-42b4-acc2-a1a69d0235b2","created":"2024-12-01T16:41:21.5531967Z","modified":"2024-12-01T16:41:21.5531967Z"}],"metadata":{}}}
